file,bytes
smyrna-topgun-balocka.zip,55209106
img/smyrna-topgun-0001.jpg,485174
img/smyrna-topgun-0002.jpg,553475
img/smyrna-topgun-0003.jpg,425174
img/smyrna-topgun-0004.jpg,331744
img/smyrna-topgun-0005.jpg,368394
img/smyrna-topgun-0006.jpg,426622
img/smyrna-topgun-0007.jpg,303560
img/smyrna-topgun-0008.jpg,342607
img/smyrna-topgun-0009.jpg,488581
img/smyrna-topgun-0010.jpg,344298
img/smyrna-topgun-0011.jpg,166067
img/smyrna-topgun-0012.jpg,274430
img/smyrna-topgun-0013.jpg,389369
img/smyrna-topgun-0014.jpg,329521
img/smyrna-topgun-0015.jpg,499384
img/smyrna-topgun-0016.jpg,322724
img/smyrna-topgun-0017.jpg,303795
img/smyrna-topgun-0018.jpg,335301
img/smyrna-topgun-0019.jpg,338059
img/smyrna-topgun-0020.jpg,232941
img/smyrna-topgun-0021.jpg,238954
img/smyrna-topgun-0022.jpg,332044
img/smyrna-topgun-0023.jpg,312958
img/smyrna-topgun-0024.jpg,458993
img/smyrna-topgun-0025.jpg,592726
img/smyrna-topgun-0026.jpg,456348
img/smyrna-topgun-0027.jpg,525230
img/smyrna-topgun-0028.jpg,283471
img/smyrna-topgun-0029.jpg,370495
img/smyrna-topgun-0030.jpg,375190
img/smyrna-topgun-0031.jpg,344979
img/smyrna-topgun-0032.jpg,332188
img/smyrna-topgun-0033.jpg,328013
img/smyrna-topgun-0034.jpg,292319
img/smyrna-topgun-0035.jpg,268796
img/smyrna-topgun-0036.jpg,357702
img/smyrna-topgun-0037.jpg,406532
img/smyrna-topgun-0038.jpg,361214
img/smyrna-topgun-0039.jpg,260530
img/smyrna-topgun-0040.jpg,316474
img/smyrna-topgun-0041.jpg,337676
img/smyrna-topgun-0042.jpg,380891
img/smyrna-topgun-0043.jpg,600819
img/smyrna-topgun-0044.jpg,285747
img/smyrna-topgun-0045.jpg,411121
img/smyrna-topgun-0046.jpg,345266
img/smyrna-topgun-0047.jpg,351809
img/smyrna-topgun-0048.jpg,319047
img/smyrna-topgun-0049.jpg,254773
img/smyrna-topgun-0050.jpg,299924
img/smyrna-topgun-0051.jpg,364005
img/smyrna-topgun-0052.jpg,342601
img/smyrna-topgun-0053.jpg,307459
img/smyrna-topgun-0054.jpg,372158
img/smyrna-topgun-0055.jpg,303969
img/smyrna-topgun-0056.jpg,294044
img/smyrna-topgun-0057.jpg,332780
img/smyrna-topgun-0058.jpg,215868
img/smyrna-topgun-0059.jpg,203267
img/smyrna-topgun-0060.jpg,315935
img/smyrna-topgun-0061.jpg,143255
img/smyrna-topgun-0062.jpg,178791
img/smyrna-topgun-0063.jpg,504818
img/smyrna-topgun-0064.jpg,275695
img/smyrna-topgun-0065.jpg,540367
img/smyrna-topgun-0066.jpg,335527
img/smyrna-topgun-0067.jpg,321111
img/smyrna-topgun-0068.jpg,368515
img/smyrna-topgun-0069.jpg,393328
img/smyrna-topgun-0070.jpg,584574
img/smyrna-topgun-0071.jpg,143659
img/smyrna-topgun-0072.jpg,297372
img/smyrna-topgun-0073.jpg,271412
img/smyrna-topgun-0074.jpg,387736
img/smyrna-topgun-0075.jpg,284958
img/smyrna-topgun-0076.jpg,166777
img/smyrna-topgun-0077.jpg,228296
img/smyrna-topgun-0078.jpg,260975
img/smyrna-topgun-0079.jpg,382528
img/smyrna-topgun-0080.jpg,454954
img/smyrna-topgun-0081.jpg,256512
img/smyrna-topgun-0082.jpg,257419
img/smyrna-topgun-0083.jpg,336218
img/smyrna-topgun-0084.jpg,477036
img/smyrna-topgun-0085.jpg,261880
img/smyrna-topgun-0086.jpg,346516
img/smyrna-topgun-0087.jpg,316265
img/smyrna-topgun-0088.jpg,116867
img/smyrna-topgun-0089.jpg,314661
img/smyrna-topgun-0090.jpg,298025
img/smyrna-topgun-0091.jpg,556818
img/smyrna-topgun-0092.jpg,394458
img/smyrna-topgun-0093.jpg,274739
img/smyrna-topgun-0094.jpg,589695
img/smyrna-topgun-0095.jpg,310850
img/smyrna-topgun-0096.jpg,572266
img/smyrna-topgun-0097.jpg,275607
img/smyrna-topgun-0098.jpg,334485
img/smyrna-topgun-0099.jpg,263496
img/smyrna-topgun-0100.jpg,340825
img/smyrna-topgun-0101.jpg,324804
img/smyrna-topgun-0102.jpg,508855
img/smyrna-topgun-0103.jpg,339551
img/smyrna-topgun-0104.jpg,281906
img/smyrna-topgun-0105.jpg,306235
img/smyrna-topgun-0106.jpg,321042
img/smyrna-topgun-0107.jpg,288897
img/smyrna-topgun-0108.jpg,288609
img/smyrna-topgun-0109.jpg,414587
img/smyrna-topgun-0110.jpg,382648
img/smyrna-topgun-0111.jpg,365775
img/smyrna-topgun-0112.jpg,351476
img/smyrna-topgun-0113.jpg,284967
img/smyrna-topgun-0114.jpg,371264
img/smyrna-topgun-0115.jpg,406857
img/smyrna-topgun-0116.jpg,300331
img/smyrna-topgun-0117.jpg,308298
img/smyrna-topgun-0118.jpg,547372
img/smyrna-topgun-0119.jpg,309732
img/smyrna-topgun-0120.jpg,310177
img/smyrna-topgun-0121.jpg,294084
img/smyrna-topgun-0122.jpg,209441
img/smyrna-topgun-0123.jpg,299349
img/smyrna-topgun-0124.jpg,347476
img/smyrna-topgun-0125.jpg,326115
img/smyrna-topgun-0126.jpg,307485
img/smyrna-topgun-0127.jpg,330746
img/smyrna-topgun-0128.jpg,302887
img/smyrna-topgun-0129.jpg,290015
img/smyrna-topgun-0130.jpg,227172
img/smyrna-topgun-0131.jpg,330850
img/smyrna-topgun-0132.jpg,626124
img/smyrna-topgun-0133.jpg,300293
img/smyrna-topgun-0134.jpg,336539
img/smyrna-topgun-0135.jpg,353708
img/smyrna-topgun-0136.jpg,421149
img/smyrna-topgun-0137.jpg,333251
img/smyrna-topgun-0138.jpg,363264
img/smyrna-topgun-0139.jpg,311268
img/smyrna-topgun-0140.jpg,275155
img/smyrna-topgun-0141.jpg,205556
img/smyrna-topgun-0142.jpg,320440
img/smyrna-topgun-0143.jpg,289368
img/smyrna-topgun-0144.jpg,312467
img/smyrna-topgun-0145.jpg,292366
img/smyrna-topgun-0146.jpg,472693
img/smyrna-topgun-0147.jpg,571478
img/smyrna-topgun-0148.jpg,280796
img/smyrna-topgun-0149.jpg,248576
img/smyrna-topgun-0150.jpg,346063
img/smyrna-topgun-0151.jpg,799749
img/smyrna-topgun-0152.jpg,384206
img/smyrna-topgun-0153.jpg,215436
img/smyrna-topgun-0154.jpg,296837
img/smyrna-topgun-0155.jpg,363387
img/smyrna-topgun-0156.jpg,481531
img/smyrna-topgun-0157.jpg,440930
img/smyrna-topgun-0158.jpg,403019
img/smyrna-topgun-0159.jpg,269644
img/smyrna-topgun-0160.jpg,384983
img/thumb/smyrna-topgun-0001.jpg,63405
img/thumb/smyrna-topgun-0002.jpg,72230
img/thumb/smyrna-topgun-0003.jpg,52441
img/thumb/smyrna-topgun-0004.jpg,43583
img/thumb/smyrna-topgun-0005.jpg,41991
img/thumb/smyrna-topgun-0006.jpg,56169
img/thumb/smyrna-topgun-0007.jpg,39523
img/thumb/smyrna-topgun-0008.jpg,36302
img/thumb/smyrna-topgun-0009.jpg,68073
img/thumb/smyrna-topgun-0010.jpg,36406
img/thumb/smyrna-topgun-0011.jpg,22944
img/thumb/smyrna-topgun-0012.jpg,35113
img/thumb/smyrna-topgun-0013.jpg,50563
img/thumb/smyrna-topgun-0014.jpg,36819
img/thumb/smyrna-topgun-0015.jpg,61784
img/thumb/smyrna-topgun-0016.jpg,33667
img/thumb/smyrna-topgun-0017.jpg,36736
img/thumb/smyrna-topgun-0018.jpg,37411
img/thumb/smyrna-topgun-0019.jpg,35301
img/thumb/smyrna-topgun-0020.jpg,29791
img/thumb/smyrna-topgun-0021.jpg,26769
img/thumb/smyrna-topgun-0022.jpg,36754
img/thumb/smyrna-topgun-0023.jpg,30838
img/thumb/smyrna-topgun-0024.jpg,55048
img/thumb/smyrna-topgun-0025.jpg,68858
img/thumb/smyrna-topgun-0026.jpg,58058
img/thumb/smyrna-topgun-0027.jpg,58657
img/thumb/smyrna-topgun-0028.jpg,27852
img/thumb/smyrna-topgun-0029.jpg,41796
img/thumb/smyrna-topgun-0030.jpg,35342
img/thumb/smyrna-topgun-0031.jpg,36675
img/thumb/smyrna-topgun-0032.jpg,35185
img/thumb/smyrna-topgun-0033.jpg,34893
img/thumb/smyrna-topgun-0034.jpg,29445
img/thumb/smyrna-topgun-0035.jpg,27361
img/thumb/smyrna-topgun-0036.jpg,40885
img/thumb/smyrna-topgun-0037.jpg,42885
img/thumb/smyrna-topgun-0038.jpg,37014
img/thumb/smyrna-topgun-0039.jpg,30221
img/thumb/smyrna-topgun-0040.jpg,33063
img/thumb/smyrna-topgun-0041.jpg,36637
img/thumb/smyrna-topgun-0042.jpg,40135
img/thumb/smyrna-topgun-0043.jpg,61387
img/thumb/smyrna-topgun-0044.jpg,30416
img/thumb/smyrna-topgun-0045.jpg,55454
img/thumb/smyrna-topgun-0046.jpg,34133
img/thumb/smyrna-topgun-0047.jpg,40293
img/thumb/smyrna-topgun-0048.jpg,34173
img/thumb/smyrna-topgun-0049.jpg,22416
img/thumb/smyrna-topgun-0050.jpg,36335
img/thumb/smyrna-topgun-0051.jpg,39722
img/thumb/smyrna-topgun-0052.jpg,35340
img/thumb/smyrna-topgun-0053.jpg,32298
img/thumb/smyrna-topgun-0054.jpg,48999
img/thumb/smyrna-topgun-0055.jpg,30999
img/thumb/smyrna-topgun-0056.jpg,31181
img/thumb/smyrna-topgun-0057.jpg,35879
img/thumb/smyrna-topgun-0058.jpg,22560
img/thumb/smyrna-topgun-0059.jpg,21430
img/thumb/smyrna-topgun-0060.jpg,31342
img/thumb/smyrna-topgun-0061.jpg,20807
img/thumb/smyrna-topgun-0062.jpg,24446
img/thumb/smyrna-topgun-0063.jpg,54284
img/thumb/smyrna-topgun-0064.jpg,27984
img/thumb/smyrna-topgun-0065.jpg,60920
img/thumb/smyrna-topgun-0066.jpg,35510
img/thumb/smyrna-topgun-0067.jpg,33938
img/thumb/smyrna-topgun-0068.jpg,42958
img/thumb/smyrna-topgun-0069.jpg,43286
img/thumb/smyrna-topgun-0070.jpg,63656
img/thumb/smyrna-topgun-0071.jpg,20387
img/thumb/smyrna-topgun-0072.jpg,34512
img/thumb/smyrna-topgun-0073.jpg,29944
img/thumb/smyrna-topgun-0074.jpg,43601
img/thumb/smyrna-topgun-0075.jpg,27616
img/thumb/smyrna-topgun-0076.jpg,22710
img/thumb/smyrna-topgun-0077.jpg,19623
img/thumb/smyrna-topgun-0078.jpg,25678
img/thumb/smyrna-topgun-0079.jpg,42752
img/thumb/smyrna-topgun-0080.jpg,50802
img/thumb/smyrna-topgun-0081.jpg,26782
img/thumb/smyrna-topgun-0082.jpg,25710
img/thumb/smyrna-topgun-0083.jpg,34213
img/thumb/smyrna-topgun-0084.jpg,58184
img/thumb/smyrna-topgun-0085.jpg,27100
img/thumb/smyrna-topgun-0086.jpg,36060
img/thumb/smyrna-topgun-0087.jpg,35546
img/thumb/smyrna-topgun-0088.jpg,14937
img/thumb/smyrna-topgun-0089.jpg,34209
img/thumb/smyrna-topgun-0090.jpg,27078
img/thumb/smyrna-topgun-0091.jpg,63325
img/thumb/smyrna-topgun-0092.jpg,39321
img/thumb/smyrna-topgun-0093.jpg,28118
img/thumb/smyrna-topgun-0094.jpg,73385
img/thumb/smyrna-topgun-0095.jpg,31602
img/thumb/smyrna-topgun-0096.jpg,61137
img/thumb/smyrna-topgun-0097.jpg,34861
img/thumb/smyrna-topgun-0098.jpg,35617
img/thumb/smyrna-topgun-0099.jpg,27930
img/thumb/smyrna-topgun-0100.jpg,36193
img/thumb/smyrna-topgun-0101.jpg,35041
img/thumb/smyrna-topgun-0102.jpg,70467
img/thumb/smyrna-topgun-0103.jpg,38109
img/thumb/smyrna-topgun-0104.jpg,27261
img/thumb/smyrna-topgun-0105.jpg,29360
img/thumb/smyrna-topgun-0106.jpg,31472
img/thumb/smyrna-topgun-0107.jpg,31128
img/thumb/smyrna-topgun-0108.jpg,29397
img/thumb/smyrna-topgun-0109.jpg,46328
img/thumb/smyrna-topgun-0110.jpg,38858
img/thumb/smyrna-topgun-0111.jpg,47758
img/thumb/smyrna-topgun-0112.jpg,47367
img/thumb/smyrna-topgun-0113.jpg,31412
img/thumb/smyrna-topgun-0114.jpg,43108
img/thumb/smyrna-topgun-0115.jpg,41060
img/thumb/smyrna-topgun-0116.jpg,31880
img/thumb/smyrna-topgun-0117.jpg,33719
img/thumb/smyrna-topgun-0118.jpg,58437
img/thumb/smyrna-topgun-0119.jpg,30856
img/thumb/smyrna-topgun-0120.jpg,33375
img/thumb/smyrna-topgun-0121.jpg,29285
img/thumb/smyrna-topgun-0122.jpg,22384
img/thumb/smyrna-topgun-0123.jpg,30875
img/thumb/smyrna-topgun-0124.jpg,38137
img/thumb/smyrna-topgun-0125.jpg,33906
img/thumb/smyrna-topgun-0126.jpg,35679
img/thumb/smyrna-topgun-0127.jpg,34646
img/thumb/smyrna-topgun-0128.jpg,31728
img/thumb/smyrna-topgun-0129.jpg,29381
img/thumb/smyrna-topgun-0130.jpg,28941
img/thumb/smyrna-topgun-0131.jpg,33905
img/thumb/smyrna-topgun-0132.jpg,64268
img/thumb/smyrna-topgun-0133.jpg,31123
img/thumb/smyrna-topgun-0134.jpg,35207
img/thumb/smyrna-topgun-0135.jpg,35994
img/thumb/smyrna-topgun-0136.jpg,52167
img/thumb/smyrna-topgun-0137.jpg,32252
img/thumb/smyrna-topgun-0138.jpg,49229
img/thumb/smyrna-topgun-0139.jpg,30167
img/thumb/smyrna-topgun-0140.jpg,28977
img/thumb/smyrna-topgun-0141.jpg,26117
img/thumb/smyrna-topgun-0142.jpg,34344
img/thumb/smyrna-topgun-0143.jpg,28054
img/thumb/smyrna-topgun-0144.jpg,32578
img/thumb/smyrna-topgun-0145.jpg,30782
img/thumb/smyrna-topgun-0146.jpg,46280
img/thumb/smyrna-topgun-0147.jpg,63646
img/thumb/smyrna-topgun-0148.jpg,27548
img/thumb/smyrna-topgun-0149.jpg,35562
img/thumb/smyrna-topgun-0150.jpg,35414
img/thumb/smyrna-topgun-0151.jpg,96798
img/thumb/smyrna-topgun-0152.jpg,46866
img/thumb/smyrna-topgun-0153.jpg,20819
img/thumb/smyrna-topgun-0154.jpg,35633
img/thumb/smyrna-topgun-0155.jpg,42860
img/thumb/smyrna-topgun-0156.jpg,50537
img/thumb/smyrna-topgun-0157.jpg,60713
img/thumb/smyrna-topgun-0158.jpg,43300
img/thumb/smyrna-topgun-0159.jpg,37409
img/thumb/smyrna-topgun-0160.jpg,44236
